N,dataFile,opt_hidden_layer_sizes,opt_max_iter,opt_alpha,Logistic train,Logistic test,Boost train,Boost test,Naive train,Naive test
10,RBS dataframe N10.pkl,"(16, 8, 4, 2)",1000,10,10.59635039577994,10.637966132889547,10.513255826542,10.6757205155086,10.716911150385236,10.755767471789724
10,RBS dataframe N10.pkl,"(4, 2)",2000,10,10.652637102806457,10.45607199853813,10.608058770886649,10.48470012330726,10.775204974176756,10.569157050479783
10,RBS dataframe N10.pkl,"(4, 2)",2000,10,10.652637102806457,10.45607199853813,10.635143818205252,10.471498003716214,10.775204974176756,10.569157050479784
